id,title
hr2xGbc6jO0,"[4K][Killing Voice] 이하이(LeeHi)의 킬링보이스-Rose, 홀로, MY STAR, 누구 없소, AUTOMATIC REMIX, 머리어깨무릎발, 빨간 립스틱"
GLlP-CNlY9I,이하이 (LeeHi) - '빨간 립스틱 (Red Lipstick) (Feat. 윤미래)' Official MV (ENG/CHN)
apTtsqXxImQ,[앨범 전곡] 이하이 Lee Hi 4 ONLY 앨범 듣기 Full Album Audio (2021)
fDB4CkyrR4U,이하이 (LeeHi) - '구원자 (Savior) (Feat. B.I)' Official MV (ENG/CHN)
ww9hZfgC2d8,이하이 (LeeHi) - '머리어깨무릎발 (H.S.K.T.) (Feat. 원슈타인)' Official MV (ENG/CHN)
BktE3Ta8Mhg,이하이 (LeeHi) - [4 ONLY] Live Performance Day 2 (ENG)
KmOVNVZEP9o,이하이 (LeeHi) - 'ONLY' Official MV (ENG/CHN)
JAj9mGT0OfY,[Full Album] Lee Hi (이하이) - 4 ONLY
VrujTAjrK_Q,'최초 공개' 레트로 걸 '이하이'의 '빨간 립스틱 (Feat. 윤미래)' 무대
P77OOkLgoY0,이하이 - 빨간 립스틱 [유희열의 스케치북/You Heeyeol’s Sketchbook] | KBS 210910 방송
OGcUNjkbSEI,🎧이하이 Playlist🎧 '美친 매력 보이스' 이하이 노래 모음 ｜ 비긴어게인 모아듣기
cq-A2RJC7fg,🎤언제 들어도 소름 돋는 이하이(Lee Hi)의 ′Rose🌹♪ 〈비긴어게인 코리아(beginagainkorea)〉 4회
fF4UF6VaBSc,이하이 (LeeHi) - [4 ONLY] Live Performance Day 1 (ENG)
5Jn4DR8YqQU,🔥 음색깡패 이하이 띵곡 노래 모음 | PLAYLIST
5mRejjWka_E,"[아형✪하이라이트] 요즘 HOT한 AOMG식구들, 쌈디x그레이x이하이x코쿤 토크 모음집🖤 〈아는 형님(Knowing bros)〉 | JTBC 210918 방송"
zyJdwR2VnIA,[퀵클립] 이하이&그레이 신곡 파티에 쌈하이 듀엣곡까지♪ AOMG 콘서트 급 노래 메들리ㅣ아는형님ㅣJTBC 210918 방송 외
3WFrQubAnS0,[MPD직캠] 이하이 직캠 8K '빨간 립스틱 (Red Lipstick)' (Horizontal Ver.) (LeeHi FanCam) | @MCOUNTDOWN_2021.9.9
s0FhKO40Dtw,1시간 l 이하이 - ONLY / 가사 Lyrics
ZnJ3wkebM8g,L E E HI (이하이) BEST SONGS PLAYLIST 2021 | 이하이 노래 모음
OqopHdMe1U0,"[쇼! 음악중심] 이하이 - 빨간 립스틱 (LeeHi - Red Lipstick), MBC 210911 방송"
8ZNEqjzJkWg,이하이의 K팝스타1 첫무대는 어땠을까?
i87rV9tzMHk,[아형✪하이라이트] AOMG식구들의 본업 모먼트(๑•᎑•๑)♬*゜쌈디x그레이x이하이x코쿤 퍼포먼스 모음 〈아는 형님(Knowing bros)〉 | JTBC 210918 방송
VdeK_VsG9U0,이하이 (LEE HI) - 홀로 (HOLO) Official Music Video (ENG/CHN)
CMWPnrPCQOg,19금 싱잉랩 하는 이하이 벌스  😃
sKWJ5gijxkA,Meenoi's Yorizori EP.3 | LeeHi & SUHYUN
CCpT699C7L8,"[라디오스타] 뮤직비디오에 참여해 준 소속사 식구들에게 1인 1게장을 선물한 이하이🦀😀, MBC 210915 방송"
vfc1RNURvws,[𝐅𝐮𝐥𝐥] 이하이 노래모음 | Lee Hi songs playlist
EweSeippsC8,시력이 0.1이지만 안경쓰는 걸 안 좋아하는 이하이의 일상👀 뭘 해도 기본 세가지는 동시에 하는 멀티하이 ㅋㅋ 귀여워(∗❛⌄❛∗) | #온앤오프 #ing
EOpgydgNh-0,이하이 소속사 본인등판에서 밝힙니다! AOMG를 선택한 이유? 본인등판에서 썰푼다 | LEEHI _ 홀로(HOLO) | 본인등판 | Look Me Up
9c6ppr6rXkQ,"이하이, 당신이 몰랐던 14가지 사실"
X24jKSZMyeg,LEE HI (이하이) - Dingo Music Killing Voice (의킬링보이스) - Vocal Coach & Professional Singer Reaction WOW!
wGpsX-Xfulg,부끄뚱 노래까지 섭렵?! 빨간 립스틱으로 사이코러스 찢은 Hi~이하이♥ #코미디빅리그 EP.424 | tvN 210912 방송
wRkaT-g7l2U,💎아형리미티드💎 [FULL] 감미로운 듀엣 무대❣️ 쌈디x이하이의 〈우리 참 좋았는데〉♬
t1maAVHyQNc,[형.친.소] 🔥AOMG🔥 쌈디x그레이x이하이x코드 쿤스트가 형님 학교에 전학 왔습니다!
ueb9cmnWb9c,음색으로 찢은 독보적인 존재✨ 이하이(LeeHi)의 〈ONLY〉♬ 아는 형님(Knowing bros) 298회 | JTBC 210918 방송
79h7cWfHmKs,[K-Choreo 8k] 이하이 직캠 '빨간 립스틱 (Red Lipstick) (Feat. 윤미래)' (LEE HI Choreography) l @MusicBank 210910
4bLxJZKu_QE,강호동이 너무 귀여운 이하이(LeeHi)가 정말 이해 안 가는 것?(ﾟ_ﾟ)？ 아는 형님(Knowing bros) 298회 | JTBC 210918 방송
lnsDOZmVz5g,한숨 부르는도중 눈물흘리는 이하이 (샤이니 종현 추모공연)
YY17T7Tpbfg,이하이 - Lee Hi  - 36곡 - 노래 모음 - Playlist - 연속 재생 (2h02m15s) - 210228
rI81whzvI6A,🎤 시공을 초월하게 만드는 음색 이하이(Lee Hi)의 ′그대 내 맘에 들어오면은′♬ 〈비긴어게인 코리아(beginagainkorea)〉 10회
nDwtIM7u_P4,[ENG｜비긴CAM] 이하이(LEE HI) FOCUS - '한숨' 4K
NSMMxWWeVUA,K팝스타1 4회 #3   [이하이 JYP밀착오디션]
y7GVCqziwrg,"[ENG] SMTM9 [9회/풀버전] '악역' (Feat. 이하이, 사이먼 도미닉) (Prod. 코드 쿤스트) - 스윙스 @세미파이널 full ver. EP.9 201211"
oCZGxVyc_jA,🎤 감탄을 넘어 말이 안 나오는 버스킹 무대， 이하이의 ′Skyfall (영화 ′007 스카이폴′ OST)′♬ 〈비긴어게인 코리아(beginagainkorea)〉 5회
5iSlfF8TQ9k,LEE HI - '한숨 (BREATHE)' M/V
ZFdHh-MWB6Q,이하이 (LeeHi) - 'For You (Feat. Crush)' Official Live Video (KOR/CHN)
d-UYKF-4Z60,[안방1열 직캠4K] 이하이 '빨간 립스틱 (Feat. 윤미래)' 풀캠 (LeeHi 'Red Lipstick' Full Cam)│@SBS Inkigayo_2021.09.12.
0jMX9Ng-JYE,"""다시 16살이 되어도, 케이팝스타에 나갈 건가요?"" 16살을 만난 이하이 | ODG"
Ad99Uj3PmTE,이하이 - 나는 달라  [유희열의 스케치북/You Heeyeol’s Sketchbook] | KBS 210910 방송
0X1kP9nVHw4,"[LIVE] 퍼플키스 수안 - 1, 2, 3, 4 (원곡: 이하이) / 전효성의 꿈꾸는 라디오 / MBC 210922 방송"
jAqAImMRDEw,"[이하이.ZIP] 그댈 보는 내 맘 하이하이,,♥ 눈누난나 하이ver 내주세요ㅠ / Lee Hi.ZIP | #네가참좋아 #놀라운토요일 | CJ ENM 200926 방송"
KKAkbKaSDys,★이하이X코드쿤스트★ 벌써 5년이나 된 절친 두 사람! 이하이가 만든 수제 마스크줄에 찐 반응 ㅋㅋ 진짜 소울메이트급 친구👏 | #온앤오프 #ing
uv6x_0CUMVs,[세로 직캠] 이하이 - 나는 달라 (Lee Hi - FAN CAM) [유희열의 스케치북/You Heeyeol’s Sketchbook] | KBS 방송
ZNwo9WNeN0Y,GRAY (그레이) - 'Party For The Night (Feat. 로꼬 & 이하이)' Official Music Video [ENG/CHN]
AdvvPi5CVn8,[Full Ver.] 이하이가 부른 전설 '보헤미안 랩소디' 커버송
NLG21Mes4E0,K팝스타 시즌1 레전드 이하이 솔로무대.zip  《모았캐치 / 스브스캐치》
e8HuIpYPeoE,210920 Lee Hi on Midnight Idol (Monsta X I.M & Kihyun's Check-In) | 심야아이돌 - 이하이
KQqTO2-5HBU,재밌게 야한 노래(?) ‘이하이 - 머리어깨무릎발 (Feat. 원슈타인)’  [유희열의 스케치북/You Heeyeol’s Sketchbook] | KBS 210910 방송
N2dsnGc7TFk,"Raiden X 찬열 CHANYEOL 'Yours (Feat. 이하이, 창모)' MV"
ZoZ5dUaIuZ4,이하이 Lee Hi - Automatic (Chancellor Remix)
fZPwOQgb3_s,[LIVE] 이하이(LeeHi) - 빨간 립스틱(Red Lipstick) | Feat. 윤미래 | 두시탈출 컬투쇼
jwGyirQPeqU,[TJ노래방] 머리어깨무릎발 - 이하이(Feat.원슈타인) / TJ Karaoke
Z4-S4zfCEdQ,이하이 - 그 한마디 (바른연애 길잡이 X 이하이) / 가사
vuuapz0imP8,몸매(mommae) cover by 이하이 Lee hi
9VNNVQ0TZS8,[#랜덤박스] 비트 부자 코드쿤스트와 원탑 음색 이하이의 곡 작업기🎼 이 조합은 솔직히 필승 조합이지;; | #온앤오프 #Diggle
QYE1lTW0lG8,후디의 요리 모음집 EP. 2 | 이하이 & 소금
_smNBhLvGxo,[몬스타엑스/창균] 이하이님이랑 친한거 맞네 #뿌듯해 #심야아이돌 #이하이 #창균 #몬스타엑스 #monstax #Shorts
cuf8fmiyxXk,[스타★봐야지] 드디어.. 여왕님이 돌아오셨다!! 💄빨간 립스틱💄으로 돌아온 One and Only 이하이❤️ㅣ200627방송 외
myiB7sexwjw,이하이 (LeeHi) - 4 ONLY Intro
zDjFaJ9BKGo,[예능연구소 4K] 이하이 직캠 '빨간 립스틱 (Feat. 윤미래)' (LeeHi FanCam) @Show!MusicCore 210911
FfKCXcdAQPo,20210909 NOW LeeHi/이하이 4Only BAND LIVE
kv5I-ABg_sM,"[철파엠] 김영철의 파워FM 20210915 특급게스트 이하이 (광고X, 노래X)"
erVnNhFOHl4,LEE HI( 이하이) 'HOLO (홀로)' lyrics (Color Coded Lyrics Eng/Rom/Han/가사)
y9buqPNPE-I,이하이 (LeeHi) - [4 ONLY] Album Sampler
iQqW70I0qcQ,Taiwan Metalhead watch 이하이 (LeeHi) - '구원자 (Savior) (Feat. B.I)'  reaction first time
Sz21YHXHt84,뮤지컬 영화인줄ㅠㅠ 헨리 x 이하이 햄버거 가게에서 달달 터지는 콜라보!
w_udKb3OO1A,[몬스타엑스 기현/I.M] 창균이가 좋아한다는 이하이의 머리 어깨 무릎 발 라이브+라이브 클립애기
mU9qxiILEuw,이하이 다이어트 먹는대로 찌는 체질도 가능한 방법
HuOkVn-SR_c,"[ENG｜비긴CAM] 이하이(LEE HI) FOCUS - '1,2,3,4(원,투,쓰리,포)' 4K"
3ZkKBWEMP1A,"[ENG] SMTM9 [9회] '시청률을 담당하는 게 누구?' 악역 (Feat. 이하이, 사이먼 도미닉) - 스윙스 @세미파이널 EP.9 201211 | Mnet 201211 방송"
6sNYHQzlI4g,이하이 (LeeHi) - ONLY cover
T5lqID0qUWc,[비긴스토리] 난 아직 이하이 🌹Rose🌹 못 보내... 거대한 크루즈를 가득 채우는 목소리의 감동🎙ㅣJTBC 200627 방송 외
4bnH0Evt_Ac,유희열이 후회한 이하이 AOMG입성기!! [유희열의 스케치북/You Heeyeol’s Sketchbook] 20200724
O31EkXUjIhc,이하이 (LEE HI) 누구없소(feat.B.I of iKON) -NO ONE 교차편집 (Stage Mix)
B6WdJ2DsxWQ,Breathe - 이하이 (LeeHi) (KARAOKE PIANO - FEMALE KEY)
BJBS9dR_ZMM,[FULL]🗣✨🎵이석훈&이하이 보이는 라디오😆귀호강 하러 오세요~~👂🙌 Lee Seok hoon Lee Hi Visual Radio / #정오의희망곡 #김신영 입니다
WWUxjBEKA8o,이하이(LEE HI) - Mercy♬| K팝스타 | SBS ENTER
-hx6i52xO5s,헤이즈-이하이♥ 사이코러스에 진심인 디바 여신님들 #highlight #코미디빅리그 EP.424
7viWvtbUQXE,[비긴CAM] 이하이(LEE HI) FOCUS - 'Rolling In The Deep' 4K
tjT47OyBa4o,Dear you (Romance 101 X LeeHi) (그 한마디 (바른연애 길잡이 X 이하이))
WjphHvLR-mQ,20210922 Naver Now 윤상의 너에게 음악 w.이하이
MDvsPbXnPWI,LEE HI (이하이) - 누구 없소 (NO ONE) ft. B.I LIVE @ NEW EP LIVE STAGE '24℃ ON VIBE'
t5MpReptZJs,k팝스타 이하이 mercy
tquT_N64Gcg,🎤[방송 최초 라이브🎧] 이소라(Lee So-ra)x이하이(Lee Hi)의 ′신청곡′♪ 〈비긴어게인 코리아(beginagainkorea)〉 4회
BKO9H-vyMNw,이하이 X 후디 #빨간립스틱 #shorts
K6XzLWQKyzg,이하이 유스케 녹화하는 상황에 에픽하이(갑자기) 등장⭐♬춥다♬너무 좋아서 영상이 안 끝나요😮 | 유희열의 스케치북 [KBS 160325 방송]
7jfUyVBQ5LQ,LeeHi (이하이) - Savior (Ft. B.I) (1 Hour Loop) Lyrics | 1시간
Nttz3WPp2a8,Reacting to LeeHi 이하이 - KILLING VOICE Live Performance! (DINGO MUSIC) 😲😍
B7f4HymiSvQ,이하이 (LeeHi) - H24I for Only (ENG/CHN)
Qu_9b27TU1I,"이하이 AOMG 선택 이유로 드러난 숨겨진 박재범 인성 ""하이야 앞으로 많은게 달라질거야"""
m1KwyR3oF5w,끝없이 다가가고픈 이하이(Lee Hi)x폴킴(Paul Kim)의 매력적인 무대💝 〈For You〉♬ | JTBC 201222 방송
bl8M8gCFMpA,Lee Hi Intentions Lyrics (이하이 그대의 의도 가사) (Color Coded Lyrics Eng/Rom/Han)
QpoA87Wa4WM,[광대/사각턱]대충 머리 묶었을 때 잘 어울리는 이유? (feat. 이하이)
NO4g1hoYWFw,제32회 골든디스크 스페셜   이하이 '한숨'♪
Ic-KOROguEI,이하이(LeeHi) 잔나비(JANNABI)의 첫 듀엣곡 '사랑하기 때문에'♬ (리액션 없는 풀버전) | 비긴어게인 오픈마이크
_PBnU2eWLE4,Lee Hi Red Lipstick feat. Yoon Mirae Lyrics (이하이 빨간 립스틱  ft.윤미래 가사) (Color Coded Lyrics Eng/Rom/Han)
08Fd61FgNus,제목은 슬프지만 달콤한 듀엣❤️ 쌈디x이하이의 〈우리 참 좋았는데〉♬ 아는 형님(Knowing bros) 298회 | JTBC 210918 방송
ubTFFym7760,코덕 이하이 선생이 마구 쟁인 뷰티템은? 이하이의 뷰티 애장품&코덕력 대공개! #ELLE네이름택 | ELLE KOREA
b8-hImZySWA,ONLY WALTZ  (이하이)  - Improver waltz Linedance - Teach 라인댄스 [by OKLD 써니정 & 그레이스정]
0r1bUJ3t_hw,왔다 내~ 왔다 내~♬ 1년 만에 유스케를 찾아온 이하이 (ft. 적극적인 하이♥) [유희열의 스케치북/You Heeyeol’s Sketchbook] | KBS 210910 방송
uzscBqOanuo,🎤이하이(Lee Hi)x정승환(Jung Seung-hwan)， 두 사람의 목소리로 다시 완성된 ′한숨′♪ 〈비긴어게인 코리아(beginagainkorea)〉 4회
YzihH_ZVVKM,Lee Hi (이하이) - Bye (Color Coded HanRomEng Lyrics/가사)
zxhp-e6YLZU,[몬스타엑스 기현/I.M] 이하이의 다시는 열심히 이렇게 못 살거 같은데 했을 만큼 열정적인 순간은?
XUC3VmecWQ4,한숨 - 이하이 기타
rqjPgcFSFhI,[Weekly Idol] 이하이 랜덤플레이댄스 풀버전!! l EP.252
aUtMtL6JIOU,【1시간】이하이(LEE HI) - ONLY
YcsRBS7SDuA,Only - 이하이 (LeeHi) (KARAOKE PIANO - FEMALE KEY)
NtwylFzD_YM,이하이(LEE HI) X 캐시영 -  mama do♬  | K팝스타 | SBS ENTER
S8y9VRq81hA,[단독버전] Like I'm Gonna Lose You🎤 이하이 x 헨리
5fGySf0Xbag,1시간 / 가사 | ONLY - 이하이 | 앨범 : ONLY
b13h2RKazwI,Lee Hi Only Lyrics Terjemahan | 이하이 Be My Only One Lirik
geKiowLbw5E,[FULL] 💗이하이X백아연💗 음색 여신들 정희 등장🌼 / 정오의 희망곡 김신영입니다 / MBC 210914 방송
DIjKaRDWCcQ,[예능연구소 4K] 이하이 세로캠 '빨간 립스틱 (Feat. 윤미래)' (LeeHi  FanCam) @Show!MusicCore 210911
OyvyYaCFySo,k팝스타 이하이 캐시영 mama do
-Wr52z4QbXo,"【로켓피플】 YG 시절부터 음악에 진심이었던 이하이X코드 쿤스트💿 이후, AOMG 찐가족이 되어서 서로의 음악 구원자가 되었겠지🤍｜전지적참견시점｜TVPP｜MBC 210206 방송"
d3zDiipYmBQ,🎧솔로곡 Playlist🎧 찐이 부르는 찐의 노래♬ (솔로곡ver.) | 비긴어게인 모아듣기
SErTEPM0bTU,🎤 [풀버전] 소울 넘치는헨리(Henry)x이하이(Lee Hi)의 첫 듀엣곡 ′Senorita′♬ 〈비긴어게인 코리아(beginagainkorea)〉 6회
Z3_o6cYMQ6o,[미공개] 'Sk하이y fall' 하늘에서 하이가 내린 날 - 이하이 'Skyfall'♬
wOWARnYi-Hk,토이X이하이의 즉석 콜라보! Please Dont Go My Girl♬ [유희열의 스케치북/You Heeyeol’s Sketchbook] 20200724
8s6ilVvlDQU,[쇼! 음악중심] 이하이 -홀로 (LEE HI -HOLO) 20200725
cr9GVfMXM3g,LEE HI (이하이) '누구 없소 (NO ONE) (Feat. B.I of iKON) ALL TEASERS
MD8S1mjfsVw,k팝스타 이하이 너를 위해(임재범)
CHc5ylJCv54,[이하이] 이게 음원이야 라이브야
VXGAdHElCk0,[청하] 청하 (CHUNG HA) 이하이 (Lee HI) 빨간립스틱 챌린지 redlipstickdance
s1vcVQNn0_k,2021 AOMG Concert 이하이/Leehi Highlight
gsksQsObLgg,이하이 (LeeHi) - '구원자 (Savior) (Feat. B.I)' Official MV REACTION - Putifandom Ent
P7tRCsibm1w,모두의 고막👂🏻을 녹이는 윤도현x이하이x임헌일의 〈골목길〉♪ 〈비긴어게인 Reunion(beginagainreunion)〉｜JTBC 201222 방송
TMkPYqrz_bs,이하이 너를 위해(임재범)
79kN8q31KZc,이하이4집 ' 머리어깨무릎발 ' (feat.원슈타인) Live Performance
pwGlxMClfoU,이하이 x 청하 #빨간립스틱 #shorts
9QKeHu_80n8,[단독버전] For You🎤 이하이 x 헨리
PObyOVuf4AI,(이하이) LeeHi - 머리어깨무릎발 (feat.wonstein)
10LdoEk_m3w,"[ 1시간 / 한글가사 ] AUTOMATIC REMIX (이하이 파트) · ""대리 아저씨는 우리 뒷좌석만 봐 자꾸 흘끔흘끔대"""
1dTRbHFD7Bw,k팝스타 이하이 너를 위해(임재범)
rkjZI9Iay8Y,이하이 - 홀로 [유희열의 스케치북/You Heeyeol’s Sketchbook] 20200724
RbecPbz1BAw,원슈타인이 이하이의 러브콜을 수락한 이유
ZrPOTWhaMoo,[1시간] 이하이 - 그 한마디 (바른연애 길잡이 X 이하이)
V39w77XMJoY,210913 studio 문나잇•문별•moonnight[91]-with 이하이
ZxuQBYUEH_o,[문명특급 EP.162] AOMG 라임 G리는 랩 메이킹 현장ㄷㄷ 로꼬랑 이하이 진심으로 재재 랩실력에 놀람ㅋㅋㅋㅋㅋㅋ
LMRfaI2k0OQ,🎤 더욱 깊어진 목소리로 부르는 이하이(Lee Hi)의 데뷔곡 ′1，2，3，4 (원，투，쓰리，포)′♬ 〈비긴어게인 코리아(beginagainkorea)〉 6회
UnNiVwlpLIw,"[몬스타엑스/기현,아이엠] 균이 친구 이하이님과 함께하는 오늘의 심야돌 모음집"
zhAr-vgiBlQ,20210710 GS25 뮤직페 이하이/LeeHi Cut
YiF3_LLy-j0,[가로 직캠] 이하이 - 머리어깨무릎발 (Lee Hi - FAN CAM) [유희열의 스케치북/You Heeyeol’s Sketchbook] | KBS 방송
EEkCGc_OXpM,"이하이·정승환, 꿀 보이스 듀엣의 명품 무대 ’한숨’ @K팝스타&프렌즈 20170625"
_4FSigiftBQ,빨간 립스틱 (Feat. 윤미래) (Red Lipstick) - 이하이 (LEE HI) [뮤직뱅크/Music Bank] | KBS 210910 방송
-ruP6m_guFQ,이소라&이하이 신청곡 1시간
d4oTE69EWmM,"[ENG][뮤직하이] Welcom to AOMG🖤 이하이(LEE HI), 코드쿤스트(CODE KUNST) 보는 라디오 Full ver.│200724 (음악, 광고 삭제)"
lCw19Vz5PWU,이하이의 뺏고송 - Come Back Home
Ff_SuAzll90,LEE HI - 'ROSE' M/V
IohQ4CT5iYE,LeeHi(이하이) -  Red Lipstick(빨간 립스틱) Feat. Yoonmirae(윤미래) | Traducido al español
1lxUixXuXqk,[최초공개] 이하이 - '빨간 립스틱 (Feat. 윤미래)' | #OUTNOW
oBBdC3jdiPc,[FULL] 오늘 별밤은 ❤이하이❤ 분위기에 취해💋💋 / 김이나의 별이 빛나는 밤에 / MBC 210916 방송
qZfnq_pEGRo,이하이 Lee Hi - MOMMAE Remix
Ga3OZWkZalI,ONLY - 이하이(LeeHi) [Cover by Dameun]
KccJoV4IXnM,[THROWBACK] LEE HI Rose Lyrics (이하이 로즈 가사) | Color Coded | Han/Rom/Eng sub
Gl5x1Mgem4k,빨간립스틱 - 이하이 Lee Hi | Cover by 현블리
mHaipcJcH48,(Eng Sub) 이하이가 올해 과감히 뺀 것? 이하이 메이크업 담당이 말해준 '홀로' MV 메이크업 + 비하인드 스토리 | 얼루어코리아 Allure Korea
q5s4soM_F70,[ENG｜비긴CAM] 이하이(LEE HI) FOCUS - '달리기' 4K
1rPyCDMJKrE,LeeHi(이하이) - Red Lipstick (Feat. Yoonmirae)(빨간 립스틱 (Feat. 윤미래)) @인기가요 inkigayo 20210912
u72cTJtduLo,LEE HI (이하이) - HOLO (홀로) [Music Bank COMEBACK / 2020.07.24]
ymRXmknaNiI,LEE HI (이하이) 'NO ONE (누구 없소) (Feat. B.I of iKON)' (Lyrics 가사)
zXG1ss3kbOg,🎤 이수현(Lee Su-hyun)x이하이(Lee Hi)의 ′Sway′♬로 시작하는 뜨거운， 제철소 버스킹🔥 〈비긴어게인 코리아(beginagainkorea)〉 6회
IXpGnWcN_lk,thatssokelvii Reacts to 이하이 (LeeHi) - '빨간 립스틱 (Red Lipstick) (Feat. 윤미래)' Official MV **VIBES!!**
9LVq0Bdfnec,내 사랑 (My Love) - Lee Hi (이하이) [HAN/ROM/ENG LYRICS]
3C_01z-qPO8,이하이 - Rose @Beautiful Mint Life 2021
2-Q6S6-9Obo,Lee Hi (이하이) - Safety Zone (안전지대) (Color Coded HanRomEng Lyrics/가사)
_mTV7Y2ejpA,"이하이 - ONLY [ONLY]│가사, Lyrics"
f78gK68Sld0,"이하이 (LeeHi) & 이루마 (Yiruma) - '홀로 (HOLO)', 'Sunset Bird' Live"
Rcx0qaki5dw,'Mercy' ♪는 역시 이하이! 즉석 라이브도 소울 충만~ 슈가맨 26회
0pW4irasJYA,"※필수시청※ 예리의 상처를 녹여낸 ""이하이-한숨"" 단독무대⭐춤 보면서 울어본 적은 처음입니다😥 실력도 감성도 국대급인 예리💖 | #강제소환 | 댄싱하이 [KBS 방송]"
k56VRNpOcKI,[쇼! 음악중심] 이하이 - 빨간 립스틱 (LeeHi - Red Lipstick) (교차편집 stage mix)
7F3sXr2oaks,Lee Hi BYE Lyrics (이하이 BYE 가사) (Color Coded Lyrics Eng/Rom/Han)
m6oQYXHyW0c,유희열의 스케치북 - 이하이 - 한숨. 20160325
v-OEND7KCfI,♪ 이하이 Lee Hi | 홀로 HOLO ♪ Karaoke Version
S6QsycOQAqI,[501회 선공개] 돌아온 음색 깡패 이하이! Please Dont Go My Girl 이하이X유희열 COVER [유희열 없는 스케치북] 20200722
NvXYn_XLfOs,[Weekly Idol] 이하이 랜덤플레이댄스+다시쓰는 프로필!! l EP.252 (VI)
jvE6z8oKF-A,LEE HI (이하이) - HOLO (홀로) | REACTION!
M3WWQOQrw-Q,정말 수고했어요..한숨 BREATHE (이하이) /Feat.이은영(Piano:EunYoung Lee)/Remake by BASSDAY
dajykSO9IBw,Savior - Lee Hi / 구원자 이하이 | Piano Cover
m_1sBfKVouQ,[TJ노래방] 한숨 - 이하이(LEE HI) / TJ Karaoke
cf_1rrDDI4E,이하이 ft. Crush - For You Piano Cover
aVEzULjpMwM,[TJ노래방] 홀로 - 이하이 / TJ Karaoke
u9wJ4SD2Z2w,이천원 / 이하이 (Lee hi) [Love the way you lie] @KPOPSTAR Season 2
NC5lqY0xSp4,Crush (크러쉬) - 'Tip Toe (with 이하이)' Live Performance
o9BD_W_nx3o,쏭카페 이하이 그녀가 돌아왔어요
FVL0wpzxuqA,[세로 직캠] 이하이 - 빨간 립스틱 (Lee Hi - FAN CAM) [유희열의 스케치북/You Heeyeol’s Sketchbook] | KBS 방송
on6yAJUwGx8,LeeHi 이하이 - 4ONLY MV MARATHON REACTION! | Only | Savior | Red Lipstick | H.S.K.T. 😍😍
2d_zqX3vDk4,Lee Hi (이하이) - Waterride (물타기) (Color Coded HanRomEng Lyrics/가사)
9QkRTgeA2kI,도라지 위스키♥ 트로트마저 눈 뜬 하이의 소울♨ ‘이하이 - 립스틱 짙게 바르고’ [유희열의 스케치북/You Heeyeol’s Sketchbook] | KBS 210910 방송
2ea9Yyd5R30,이하이(Lee Hi) 창법 리뷰 & 연습법 공개합니다. | 저음발성(흉성) 기초사용법. [김제훈의 보컬레슨 실전꿀팁] | 예시곡 : 이하이 -  홀로(HOLO)
e4ah6HX5qVk,선 넘을랑말랑하는 이하이 끈적한 벌스👄
LCaFSFzDIAQ,"[K팝스타콘서트] 이하이_1,2,3,4 (원,투,쓰리,포)"
b58-KBBo_Tc,Lee Hi For You (Feat. Crush) Lyrics (이하이 For You 가사) [Color Coded Lyrics/Eng]
W2WTMkD5knE,LeeHi (이하이) - Dingo Music / Killing Voice (킬링보이스) - Vocal Coach REACTION
elYjDdwGyog,Lee Hi (이하이) ft. G.Soul (지소울) – NO WAY Lyrics (Eng/Han/Rom)
vPmcRjyC0sQ,【BaiduLeehayiBarCN】【中字】201409 MIX & MATCH 李夏怡LEEHI 믹스앤매치이하이CUT
s1qVgnOBeJI,이하이 빨간립스틱💄 with 모니카 X 립제이 (더 많은 영상을 보시려면 채널명을 클릭하세요👆🏻) #SWF #Shorts
f06Y1f_26Uo,이하이 (Lee hi) [Rose (feat. CL)] @SBS Inkigayo 인기가요 20130414
SEBGmZIPBfs,이하이/LeeHi NARS S
ENj1IM3FrGg,[최초 공개] 찰떡 호흡 듀엣💖 이하이(Lee Hi)x잔나비(Jannabi)의 〈사랑하기 때문에〉♬ 〈비긴어게인 오픈마이크〉 1회｜JTBC 201229 방송
judxOWZvi7I,LEE HI - 'MY STAR' M/V
XXVi3TPCmpo,이하이 (LeeHi) - The Christmas Medley
ZM1Oxe6QDHs,이하이 (LeeHi) - '빨간 립스틱 (Red Lipstick) (Feat. 윤미래)' 댄스 챌린지
N9lqaNS-jns,이하이의 숨소리까지 가깝게 들리는 ’홀로’ 무반주 버전 | 이하이(LEE HI) - 홀로(HOLO) 무반주Ver. | [Fan-made LIVE]
73cSgoUmfW0,이하이의 크리스마스 To-do List ｜트리 꾸미기 with Crush (ENG/CHN)
Qym2lHwx9A8,세로라이브 | 이하이&비아이 : 똑똑✊🏻누구 없소! | 이하이 - 누구 없소 (feat. B.I of iKON)
MO4d0gmRDI8,이하이 (LeeHi) - 'ONLY' 온리 커버영상
MzjT25MNQB4,"[Audio] 이하이 - 1,2,3,4 (원,투,쓰리,포)"
be5FmgDrCtM,#제작비지원 걱정 없이 오하이오! 이하이가 부르는 'OHIO'라이브와 인터뷰/ LEEHI's 'OHIO(by Crush)'LIVE & INTERVIEW I ELLE KOREA
KdxGA9wisv4,"[FULL] 푸른 밤에 귀호강 힐링보스 ✨이하이 LEE HI✨ 등장👏 옥달이 참 사랑한대요🥰 / 푸른밤, 옥상달빛입니다"
Vd0nPH6-QgQ,이하이 구원자 뮤비 해석_진짜 구원자
r4-Hn6N2rCQ,🎤20대가 되어 다시 부르는 이하이(Lee Hi)x이수현(Lee Su-hyun)의 ′나는 달라′♬ 〈비긴어게인 코리아(beginagainkorea)〉 4회
Q8R8L2ZF_48,이하이 - 누구없소 (커버: 세사람) Ver 2
Xc0M_3uoZBM,🎤 소향(Sohyang)x이하이(Lee Hi)의 소울로 재탄생한 ′Can′t Take My Eyes Off You′♪ 〈비긴어게인 코리아(beginagainkorea)〉 6회
6TlVtvZc4Jg,"이하이 (LEE HI) - AOMG Medley from THE ""HOLO"" LIVE"
_ZA19YSn27s,Lee Hi - Breathe Shorts Cover #kpopcover #singcover #leehi #한숨 #이하이
TrD6xiQ8W84,LEE HI (이하이) - BREATHE (한숨) [Colour Coded Lyrics Han/Rom/Eng]
usc1mSIYkgY,"이하이_1,2,3,4(1,2,3,4 by Lee HI@Mcountdown 2012.11.08)"
Dd7Wx6U9C74,LEE HI (이하이) ft. Wonstein (원슈타인) -  H.S.K.T (머리어깨무릎발)  LYRICS 가사 (ENG/HAN/ROM)
YNZW2be-4PI,[M/V COVER]이하이-한숨/string cover
HWY_PQHaO-I,[일소라] 일반인 손효규 - 한숨 (이하이) 남자 cover
7_enTRYCE8I,LeeHi (이하이) - ONLY [Audio]
0LjLan8eVbI,[FULL] 🌟이하이 & 잔나비🌟 연말 고막힐링은 정희가 책임집니다😎  / 정오의 희망곡 김신영입니다
FP67e2l_KJs,[COVER] 이하이 - 한숨 (남자커버) ㅣ Cover by 탑현
ifdywSWTRfs,Lee Hi (이하이) - Darling (Color Coded HanRomEng Lyrics/가사)
0fo94XNW2p4,크러쉬(Crush) -  Tip Toe (with 이하이) 1시간(1Hour)
PxVLYowoHrg,[1시간/1hour] 이하이 - 내 사랑
z40WZcL9e5I,이하이 (LEE HI)_ 한숨 BREATHE [LYRICS] 가사 한국어
ibG9ReHqXHA,[한글자막] 이하이 한숨 해외반응 | Lee Hi Breath Reaction #kpopreaction
gJTyKbvoZ6E,Only - LeeHi (이하이) | Fingerstyle Guitar Cover
gEOphzRYkIQ,B.I 비아이 - ‘긴 꿈 (Daydream) (Feat. 이하이)’ VISUALIZER
riW7owGSu3E,이하이 이문세 콜라보레이션
26h7SMahPnk,'최초 공개' 독보적 보이스 '이하이'의 '홀로' 무대
nFCJZwt-ejY,이하이 (LEE HI) - 홀로 (HOLO) Dance Visual
vGDwcoGnI7M,[MV] CODE KUNST(코드 쿤스트) _ XI (Feat. Lee Hi(이하이))
CyFrK4tL-SM,춥다 (It's Cold) ft. 이하이
qQDdm3go9Kg,신용재(Shin Yong Jae)의 목소리로 듣는 이하이의 노래 '홀로'♬ | 비긴어게인 오픈마이크
hhwIOKWOECc,이하이 X 정승환 - 한숨 1시간 재생 / Lee Hi X Jeong SeungHwan - Breathe 1 Hour Play
9CDbv9wEgVY,[가로 직캠] 이하이 - 립스틱 짙게 바르고 (Lee Hi - FAN CAM) [유희열의 스케치북/You Heeyeol’s Sketchbook] | KBS 방송
8u5GHH3gOrA,【1시간】빨간 립스틱 (Feat. 윤미래) - 이하이(LEE HI)
xCMtkZkwXuo,[최초공개] 이하이 - '머리어깨무릎발 (Feat. 원슈타인)' | #OUTNOW
YzvnAcRwNT4,k팝스타 이하이 시간이 흐른뒤
w3MBl7yBMls,[광고]긴가민가 고민하지 마! 이하이의 '월드투어'라이브와 인터뷰/ LEEHI'S 'World Tour' LIVE & INTERVIEW I ELLE KOREA
_cE8GavD_9g,[TJ노래방] For You - 이하이(Feat.크러쉬) / TJ Karaoke
P-scJtGMzsI,[TJ노래방] ONLY - 이하이 / TJ Karaoke
yWGAfzoYRQM,"1시간 / 가사 | 머리어깨무릎발 - 이하이, (Feat. 원슈타인) | 앨범 : 4 ONLY"
7GVCvurWgwc,이하이 (LeeHi) - '빨간 립스틱 (Red Lipstick) (Feat. 윤미래)' Official MV | REACTION!
Vffn28J0h-0,Lee Hi (이하이) - ONLY ( s l o w e d + r e v e r b )
1FAHb7ahLV4,이하이의 밝은 신스 팝(synth pop) 버전 '2016 사랑의 바보' ♪ 슈가맨 26회
DLRKTglDBYI,[세로라이브] 이하이 - My Star
92_4fOC6m-I,이하이(LEEHI) - 홀로(HOLO) Male Cover
XD6AOp772Sw,[INDOSUB] 이하이 (Lee Hi) - Only
oOLrVJ6MPDc,LEE HI( 이하이) 'HOLO (홀로)' lyrics (Color Coded easy Lyrics Eng/Rom/가사)
9ThOSwH2BqM,"이하이 - 1,2,3,4(원, 투, 쓰리, 포) [유희열의 스케치북/You Heeyeol’s Sketchbook] 20200724"
1hICspPRxmY,[DJ티비씨] 이하이 - 2016 사랑의 바보 ♬ㅣ슈가맨ㅣJTBC 160412 방송
SgdKs7G2hT8,이하이 (LEE HI) - 홀로 (HOLO) Lyric Video (ENG)
yzJXzAfO9ho,1시간 🎵 이하이 (LeeHi) - 구원자 (SAVIOR) (Feat. B.I) (가사 Lyrics)
JAKDOXoCCk4,"{1 Hour Loop} 이하이 - 빨간 립스틱 / 1시간 반복 음악 듣기, 가사 [K-Pop (가요)]"
rrAQYlhie0k,스윙스 - 악역 (Feat. 이하이 & 사이먼 도미닉) (Prod. 코드 쿤스트) [쇼미더머니 9 Semi Final]ㅣLyrics/가사
0Nr8h7eF0K4,모두에게 위로를! 이하이가 부릅니다 '홀로'라이브와 인터뷰/ LEE HI'S 'HOLO' LIVE & INTERVIEWI ELLE KOREA
Nr8xZ5fhZzQ,Lee Hi ONLY Lyrics (이하이 ONLY 가사) (Color Coded Lyrics Eng/Rom/Han)
1vdpO3iC1-g,한옥에서 울려 퍼지는 감미로운 목소리❣️ 이하이(Lee Hi)의 〈For You (Feat. Crush)〉♬ 〈비긴어게인 오픈마이크〉 1회｜JTBC 201229 방송
8h1epTfJ8-E,이하이 - Rose(비긴어게인.ver) 1시간 재생 / Lee Hi - Rose(Begin Again.ver) 1 Hour Play
w7Wc10ZO_OU,[미공개] 이영현 '체념'♬ 제이미X수현X이하이 리액션 버전 #오픈마이크
LG6_Mpp9B1E,이하이(LeeHi) - 빨간 립스틱(Red Lipstick) (Feat. 윤미래) 교차편집(Stage Mix)
8xitvSdGJFY,[몬스타엑스/아이엠] 친구 따라 춤 추는 임창균 | 이하이 - 빨간립스틱
Z24j7QGiyAE,이하이 (LeeHi) - 'ONLY' (cover)
ZnF76SpOAO0,1시간 / 가사 | 빨간 립스틱 - 이하이(Feat. 윤미래) | 앨범 : 4 ONLY | 1Hour Loop & Lyrics
BcCy4JSpwMc,Red Lipstick Line Dance(빨간 립스틱-이하이)
BTnCseAiOG4,한숨-이하이 반주만들기
l-zsv49VRl8,《Comeback Special》 LEE HI(이하이) - HOLD MY HAND(손잡아줘요) @인기가요 Inkigayo 20160313
MXehbJLZWak,[1시간/신곡] 이하이 - Brave Enough(청춘기록 OST)
5ph8tzDX_Jc,[예고] 이하이의 프로美 뿜뿜하는 ON 그리고 공감 백배 집순이 OFF | 온앤오프 onandoff EP.18
FtuBpCwfLbQ,[Official Audio] 이하이 - 그 한마디 (바른연애 길잡이 X 이하이)
oOnwn2_cKTc,이문세이하이#2
te-Mj04PT34,[엠넷아이] 이하이(LEE HI) - 안봐도 비디오(Video) Feat.BOBBY (iKON)
IywX6YxOxzA,(첫공개) 이하이의 사생활! 하이가 일어나자마자 하는 일은? | 온앤오프 onandoff EP.18
8m8q5SPT3yA,LEE HI (이하이) - Let it go collaboration 141016
FAw7JyKfWeg,20210223 수현의 숲 4화 (with 이하이)
jGXtGJm7MGA,나스 뮤즈 이하이💗 담당쌤이 알려주는 나스 광고 촬영 메이크업 따라하기
rHgQiOx8fnY,[Killing Voice] 이하이(LeeHi)의 킬링보이스 REACTION
TYBMPjWxP7o,이하이 LeeHi 홀로 HOLO 해외반응 한글자막 Reaction
kYD-8qsk5uM,[Reaction] 이하이 (LeeHi) - 'ONLY' Official MV
NsOiZ-LWaOk,"이하이(Lee Hi) - Rose 로즈[비긴어게인 beginagina ver.]기타 커버,코드,악보,Tab"
mjw8zHapoww,[TJ노래방 / 멜로디제거] For You - 이하이 / TJ Karaoke
A_8Fsi3ZJKw,LEE HI (이하이)- NO WAY ft. G.SOUL (지소울) LIVE @ NEW EP LIVE STAGE '24℃ ON VIBE'
MO7cKRGkph8,[풀샷캠] 못보면 아쉬워 가슴 태울 윤도현X이하이X임헌일 '골목길'♬ #비긴어게인리유니언
kti_ZPKYkz8,에픽하이 EPIK HIGH 이하이 LEE HI 내 마음 들리나요 Can You Hear My Heart 보보경심 려 Moon Lover OST Part 6 가사 Lyrics
3r5hZ7qAjoQ,이하이(LeeHi) - ONLY | 가사
WZPjr5PA1PI,k팝스타 이하이 sweet love
omITpsW4cYY,"[Legend 예능] 런닝맨 ✋이하이, 악동뮤지션에게 힌트받고 투에니원이랑 춤추기✋ / RunningMan"
dVStPFpv5SE,"[구해줘! 홈즈] 이하이가 반한 감각적인 인테리어! 최신 리모델링의 교과서💗, MBC 210912 방송"
jVHJMrvf37s,"유희열의 스케치북 - 이하이, '춥다' 열창 중 에픽하이 '깜짝등장'. 20160325"
j0MpAWdnSoI,이하이 (LEE HI) - 홀로 (Lyrics&자막) 원키 MR_Inst_Instrumental Karaoke By - 오늘하나
F_9pZv0wn9Q,[달의 연인 - 보보경심 려 OST Part 6] 에픽하이 (EPIK HIGH) - 내 마음이 들리나요 Can You Hear My Heart (Feat. 이하이 LEE HI)
9gCF4VHIq0M,[TJ노래방] 희망고문 - 이하이(Lee HI) / TJ Karaoke
8Z_JurH9y8k,이하이 - 손잡아 줘요 1시간 재생 / Lee Hi - Hold My Hand 1 Hour Play
ukujl1ECSmw,"200718 찬열 - Yours (feat.이하이,창모) | CASS 페스티벌"
S9gZXQzhOxE,"코드쿤스트 ""이하이 백예린 AOMG행? 아티스트 판단에..."" | CODE KUNST(코드 쿤스트) _ Flower(꽃) | 본인등판 | Look Me Up"
cQ49cw8n6ZU,[집방캠][4K] 이하이(LeeHi) - Rose(Acoustic ver.) LIVE | 두시탈출 컬투쇼 | 210916
-RR4eXUKIT4,Epik High - 춥다 (It's Cold) [feat 이하이] 가사
ngWdXIeZxU4,이하이 - 한숨 (-2Key)(Acoustic MR)(Acoustic Inst)(Piano MR)
Y06K59uHnvE,CODE KUNST - O ft. LEE HI(이하이)(Color Coded Lyrics Han/Rom/Eng/가사)
UJKOFMUGq2E,LEE HI - 'IT'S OVER' M/V
_U-PEwCeLmI,〈비긴어게인 코리아〉를 찾아온 새로운 멤버 ′이하이(Lee Hi)′ღ′ᴗ′ღ 〈비긴어게인 코리아(beginagainkorea)〉 4회
ufjJ_YfNyLk,Crush (크러쉬) - ‘Tip Toe (with 이하이)' Official Audio
a7XQJUld_Hg,컬투쇼 특별 초대석 이하이 영K
vdw3SoaBelY,Lee Hi (이하이) - What is Love? (어려워) (Color Coded HanRomEng Lyrics/가사)
EDcl7BlivtM,이하이의 '한숨' 비하인드 스토리
E74gtc9ELEw,케이티김&이하이-Mama Do/픽시 로트 @K팝스타 시즌4 20회150405
v5cK9UdUIbI,Rose_LeeHi 이하이_TJ노래방 (Karaoke/lyrics/romanization/KOREAN)
HB24VvuA8WE,"Raiden X 찬열 CHANYEOL 'Yours (Feat. 이하이 Leehi, 창모 Changmo)'[Color Coded Lyrics HAN/ROM/ENG/CHN中字]"
CfN_1gHeTnA,Lee Hi Darling Lyrics (이하이 Darling 가사) (Color Coded Lyrics Eng/Rom/Han)
FRIBtU8JfoI,MR노래방ㆍ남자키] 그 한마디 - 이하이 ㆍDear you- Lee Hi ㆍMR Karaoke
9yi8v7smWKI,O (Feat. LEE HI) (O (Feat. 이하이))
cNF6puPEvuU,이하이 'Rolling in the Deep' @KPOPSTAR 20120429
MnW1_jYh2Uo,"LEE HI 이하이 ""HOLO"" 홀로 | Open Mic"
XYQxBPMaU7c,LEE HI(이하이) - HOLO(홀로)  @인기가요 inkigayo 20200726
Sw-nouD9bQU,[TJ노래방] 스쳐간다 - 이하이 / TJ Karaoke
d7Durxcu_-I,LEE HI (이하이)-Red Lipstick (빨간 립스틱) (Feat. 윤미래) Sub Español
v3yI3YMADTQ,"이하이 (LeeHi) - ""ONLY"" INSTRUMENTAL With Backing Vocal"
Uct6z_kIjuk,이하이 롤링인더딥
9XvgomPG38M,이하이(LeeHi) - 구원자 (Feat. B.I) | 가사
GqPLC0J4cKs,이하이(LEE HI) - '한숨 (BREATHE)' / Piano Cover / Sheet
NnRRD3fY5hQ,"이하이 ""장동민이 좋아요"""
TpBvzDQACU0,[은성 반주기] 빨간립스틱 - 이하이.T(윤미래)
xaqIJXsyD7Y,에일리x김블루 - 한숨(Breathe)ㅣOriginal Song by 이하이(LEE HI) '일리 있는 밤'🌙시즌3
wGrTtlkneAE,"[TJ노래방 / 남자키] 1,2,3,4 - 이하이 / TJ Karaoke"
n5QkqnGwmA4,CODE KUNST - X Feat. LEE HI (코드쿤스트 - X Feat. 이하이) (Color Coded Lyrics Han/Rom/Eng/가사)
kOKNuXVUr3M,이하이가 AOMG를 선택한 비하인드 (feat.코쿤) | 온앤오프 onandoff EP.18
JSa8QdLRL_c,길 가다가도 가사 쓰는 '가수' 이하이 녹음 현장 ON! | 온앤오프 onandoff EP.18
UGeYN9NCgZ8,이하이 (LEE HI) - 홀로 (LIVE) / pH-1의 SOUL FOOD [EP.9]
bA2I4ilTGrk,k팝스타 이하이 미련(김건모)
tquewYfhme8,이하이 (LEE HI) - 홀로 (HOLO) l DIA (Choreography)
nvaVaP4QEIQ,쿨룩 LIVE ▷이하이(LEE HI) '한두 번' /190801[악동뮤지션 수현의 볼륨을 높여요]
z1vuA22lPRQ,이하이 [미련한 사랑] @KPOPSTAR Live Episode 20120325
eEI8ItVDr6I,"이하이 X 백아연, 귀 호강 자아내는 섬세한 조화 ‘Dangerous Woman’ @박진영의 파티피플 5회 20170820"
qSBTne1LOf4,WITH THE TEAM (이하이 (LeeHi) - '빨간 립스틱 (Red Lipstick) (Feat. 윤미래)' Official MV Reaction)
NxGr_WEH9lo,"이하이의 1,2,3,4(원,투,쓰리,포)Linedance / 초급라인댄스(H.Beginner) - Demo #이하이1234"
TaSP-AinD9U,Lee Hi (이하이) - Hold My Hand (손잡아 줘요) (Han|Rom|Eng) Color Coded Lyrics/한국어 가사
RVYpvQMjqxs,(이하이)Lee Hi-(구원자) Savior (Feat.B.I) (Audio)
-4XRjm1dFII,유아(YooA)의 'ROSE'│새빨간 로즈🌹 같이 아름답고 아픈 이하이(LEE HI)곡의 커버 무대!! [it's KPOP LIVE 잇츠라이브]
6kuSGs0ifQQ,Lee Hi 이하이 - Only (COVER) | happy birthday to my birthday twin hayi 🤍
jgzO4kXPTgY,[비긴CAM] 이하이(LEE HI) FOCUS - 'Sunny' 4K
j_qXgTkZFaw,이하이의 크리스마스 To-do List ｜코코아 ASMR (ENG/CHN)
zOdS2O8WcA8,한숨 이하이 가사 노래자막 lyrics Lee HI Breathe 노래가사
b1UPxVb5FCs,"AUTOMATIC REMIX | 챈슬러, 박재범, 이하이, 비비 (BIBI), Jamie (제이미) 등등 참여"
sKsmnLhglWM,[ 1 HOUR ] 이하이(Lee Hi) ′Rose🌹♪ 비긴어게인 코리아 (beginagainkorea) - LYRICS (HAN_ROM_ENG)
bXLgCctBRLE,(이하이)LeeHi - Red Lipstick (빨간 립스틱)(Feat.Yoonmirae)Audio
HAg4WhJS5gc,k팝스타 이하이 박지민 굿바이베이비
4viEsVFltIM,가수 ⇢ 이하이 ' 일상 미모 외모 얼굴 몸매 패션 ' Lee Hi ' Singer
OWnOqsvyoMw,골반바지 백 년 만에 입어봄 #빨간립스틱 - #이하이 #shorts #쇼츠
sw2Zs7A7404,🎤 이수현x이하이x이소라 국보급 보컬들의 매력이 돋보이는 ′Sunny (영화 ′써니′ OST)′♪ 〈비긴어게인 코리아(beginagainkorea)〉 5회
mQ_SfCGkbXs,이하이 (LeeHi) - '빨간 립스틱 (Red Lipstick) (Feat. 윤미래)' | Tiktok dance challenge
m7N2RgkYsE4,Lee Hi (이하이) – Special (feat. Jennie Kim) (Color Coded Lyrics Eng/Rom/Han/가사)
117gfZpgQ1s,[몬스타엑스 기현/I.M] 이하이의 빨간립스틱 라이브 +기현이랑 창균이 반응
ML65kAjfytk,이하이 X 유겸 #빨간립스틱 #shorts
2e6bWKbcrmY,[LIVE] 이하이 LEE HI- 손잡아 줘요(HOLD MY HAND) / 정오의 희망곡 김신영입니다
YRknlLvfyrs,"이하이 LEE HI ""스윙스 - 악역"""
tOaxt0_aPlA,1시간 | 가사 | 그 한마디 - 이하이 | 바연길 1hour & lyrics | (바른연애 길잡이 X 이하이)
ftA4k7moF7c,이하이 - 희망고문 (+ 가사)ㅣSeoulite
GzNEhfNER6k,[Weekly Idol] 주간아이돌 이하이X악동뮤지션!! l(VI)
n34-dT0pvRI,"Raiden X 찬열 CHANYEOL 'Yours (Feat. 이하이, 창모) (Blinders Remix)' Lyric Video"
dkP8AAKvy1M,[한시간 반복] 이하이 몸매 1시간 반복 [1ʜᴏᴜʀ ʟᴏᴏᴘ]
jLByf42lMLw,이하이 (LEE HI) - 20분 전 / 가사
R-6C5gxHZCs,"[FREE] 헤이즈 X 이하이 X 후디 타입 비트 ""ONLY"" | Type Beat 2021 | Prod. Sideman"
4x7U3AyPw4o,k팝스타 이하이 killing me softly with his song
8E9Icc6Y-Jg,이하이 - 그 한마디 (바른연애 길잡이 X 이하이) Lyrics Full ver.
yWZ0DV1Jcaw,이루마와 이하이가 만났다?! ㅣ  Yiruma X LeeHi Collaboration Behind the Scenes #1
r09dpNzahnE,"MELTING ME ([Killing Voice] 이하이(LeeHi)의 킬링보이스-Rose, 홀로, MY STAR, 누구 없소, 머리어깨무릎발, 빨간 립스틱 | REACTION)"
aHWB2kVwqyA,"SBS [K팝스타3] - 이하이도 긴장하게 만드는 소녀, 장한나"
0fzoDzyNXNk,이하이_ROSE cover By #중학생밴드 #NOW
vi1tXUAqTso,Lee Hai 이하이 'Love' @KPOPSTAR 20120408
tiZ4AIfcyuU,[ 커 버 ] 이하이_Rose
_vBBqkk-gP4,"LeeHi 이하이 ONLY guitar cover, chords, lyrics and official audio"
OoFZFA7POGQ,thatssokelvii Reacts to 이하이 (LeeHi) - '머리어깨무릎발 (H.S.K.T.) (Feat. 원슈타인)' Official MV **vibes!!**
PSY3VluvHhA,잔나비(Jannabi)도 놀라게 한 꿀🍯같은 목소리 이하이(Lee Hi)의 〈Honey〉♬ 〈비긴어게인 오픈마이크〉 2회
m6FWHDB8kac,[PLAYLIST] 퀸하이 이즈백! 이하이 ‘4 ONLY’ 몰아듣기｜LeeHi｜Stone Music PLAYLIST
_dgIby9bi40,이하이 - 한숨 (BREATHE) Singing Guitar by AZ
p5jRVjkFUIs,이하이/LeeHi NARS 20201106
Lt_kL0Wu6WE,"[HOT] LEE HI(feat. B.I of iKON) - NO ONE , 이하이  - 누구 없소    show Music core 20190608"
v8c7eQFZcc4,몸매 Cover by 이하이 1시간 1hour
gM2ObtpL5wY,[IDOL RADIO] 이하이가 부르는 '홀로' Live 20200723
fBsveWAHYTI,[TJ노래방] 누구없소 - 이하이(Feat. B.I) / TJ Karaoke
UGL-MpOO2nE,🎤 상쾌한 영화마을 버스킹 첫 시작 ☞ 이하이(Lee Hi)x이수현(Lee Su-hyun)의 ′달리기′♬ 〈비긴어게인 코리아(beginagainkorea)〉 5회
2esIsqSXJa8,LEE HI (이하이) - My Love (내 사랑) FMV (Moon Lovers OST Part 10)[Eng Sub]
pr2A3e61iHA,[골라봐야지] 드디어! 💄빨간 립스틱💄으로 컴백❤´艸｀❤하는 이하이 노래 모음ㅣ비긴어게인 코리아ㅣJTBC 200712 방송 외
EXeGBfD3zqo,LEE HI (이하이) - ROSE | Lyrics (Han/Rom/Eng)
fsLD4ZGdGg4,Lee Hi- Honey (Kehlani) Cover | 이하이- Honey (켈라니)
TtbSN6r-1Wk,LOVE WITHOUT DESPAIR (이하이 (LeeHi) - '구원자 (Savior) (Feat. B.I)' Official MV Reaction)
lAVV4Fmz8Yk,이하이(LEEHI) - 내 사랑(MY LOVE)  / 드라마: 달의 연인 OST COVER by 새송
akP5yI0QMjs,B.I Daydream ft. LeeHi Lyrics (비아이 긴 꿈 ft. 이하이 가사) (Color Coded Lyrics Eng/Rom/Han)
26cfhWwR0CM,"[SBS]최화정의 파워타임, 이하이 짝사랑 라이브"
CGPAqXx4E-A,k팝스타 이하이 rolling in the deep
wLnrmuTyRR0,"이하이 - 그대 내맘에 들어오면은 [비긴어게인ver] 기타 코드, 악보, TAB"
t8fNq2nFPck,"[ENG SUB] [Stone Music+] 이하이_입덕모먼트｜LeeHi - For You (Feat. Crush), 크러쉬"
WN81ZZRE-Rs,Latinos react to 이하이 (LeeHi) - 'ONLY' Official MV 😭💔👌
r5ee3YQvrOw,이하이 (LeeHi) - ONLY Lyrics (HAN/ROM/ENG)
-wqQt8flRsY,몸매(MOMMAE) - 이하이(Lee hi)
FEPcvyLZeU0,[ Easy lyrics ] LEE HI (이하이) - ONLY
swZ4h7cjULY,"이하이 - 1,2,3,4 원투쓰리포 [ 비긴어게인 ver. ] 기타 악보,TAB, 코드"
62Thx3NxI6c,누구 없소 (NO ONE) (Feat. B.I of iKON) - Lee Hi (이하이) | Redlic Choreography | DaDaJu Practice Video
8Pv4cLdKekM,[TJ노래방 / 남자키] Rose - 이하이 / TJ Karaoke
W_xXYpYXin8,한숨 - 이하이 정승환 | 비긴어게인LIVE | 1시간
TcRAesAqZDM,[1 hour] (이하이) LEE HI - ONLY🎶
WRrRuZ11sz4,[야놀자] 사이먼 도미닉 & 이하이 콜라보 30초버전 음원 풀영상!
ORl9JqD6q_0,[힐링곡 커버 Part.1] 한숨 - 이하이 / Cover by 미교(Migyo)
HOoP3OEtrxg,[MV] LeeHi(이하이) - Brave Enough | Record of Youth 청춘기록 OST
HLIvyrbwUS8,WONWOO X MINGYU - Bittersweet (feat. Lee Hi) Lyrics (원우 민규 이하이 Bittersweet 가사) (Color Coded Lyrics)
G8XEV0pTaXM,이하이 - 홀로 (남자키) 노래방 mr LaLaKaraoke Kpop
kfu8dXMSSCQ,이하이 (LeeHi) - ONLY
QqcMKMzqLXc,RUN TO YOU(런투유): LEE HI(이하이) _ HOLD MY HAND(손 잡아줘요) LIVE
qvOUv74aS4U,[달의 연인 - 보보경심 려 OST Part 10] 이하이 (LEE HI) - 내 사랑 (MY LOVE)
fpmd8UzbypU,야놀자 & 사이먼 도미닉 & 이하이 역대급 콜라보 음원 대공개
PLokfyM9uLc,"RAIDEN X 찬열 CHANYEOL (Feat. 이하이, 창모) - YOURS || Acoustic Cover By SEYEOJA"
t-Snq2BpSOs,LEE HI (이하이) - HOLO (이하이 - 홀로 가사) (Color Coded Lyrics Han/Rom/Eng/가사)
yHGqHDl4SUc,이하이 (LeeHi) - '구원자 (Savior) (Feat. B.I)' Official MV | REACTION/LYRICS EXPLAINED!
RsVUKFa4IMk,이하이 mercy
pswej3EIp2s,"(명절특선) 걱정 말아요 그대, 이하이의 한숨 부르다가 울컥한 외국인 친구.. 피아노 연주로 위로해주기 😥"
T54pvN-KbGg,[Thaisub] 이하이 ( Lee Hi ) - 머리어깨무릎발 (H.S.K.T) ft. Wonstein #นิวมูนซับไทย
ONsD505RL_k,"100초로 듣는 이하이 | leehi | 딩고뮤직 | Dingo Music | 100sec LIVE | 한숨 | Rose | 1,2,3,4 | 누구없소"
97vnwpVYrq0,이하이 메이크업 담당쌤이 알려주는 비긴어게인 이하이 메이크업 방법!
s3Tvlwc1YM0,이하이 - 한숨 cover by Fil_이정선(리필라이브)
G4hzLoAh0ac,[보컬과 왕기정교수] 보컬의 신/FOR YOU -이하이(FEAT 크러쉬)
PcJG5PW15Fw,[1 Hour] 이하이 (Lee Hi) - 한숨 (BREATHE) Piano Cover
-4OOZl3EvDk,Crush (크러쉬) - Tip Toe (with 이하이) / Jaehyo Choreography / 미사강변 YT댄스학원
60vdM3q_mi4,이하이 LeeHi - 머리어깨무릎발 H.S.K.T. / Chemi Choreography
YR8j-0KfHmw,[TJ노래방] NO WAY - 이하이(Feat.지소울) / TJ Karaoke
yIMmAlcP67Y,한숨 - 이하이_똴기리퍼
fpuRKqT18Fc,#shorts #빨간립스틱 #댄스챌린지 #이하이 #aomg #립제이
a1uHA-C7PqE,[MR/Inst] 이하이 - 머리어깨무릎발 (H.S.K.T.) (Feat. Wonstein)
E2-_fUvcUvA,"제이미 Jamie ,이하이 Lee Hi ,백예린 Baek Ye Rin 이 자기 전에 300번이상 돌렸다는 그 비트 Kpop Krnb Free Beat 무료비트"
BxYJ77BlXHM,이하이(Lee Hi)- '1，2，3，4' LYRICS (가사) [Begin Againc Korea]
_XoOAfbMC-4,[INST] 이하이 - ONLY
NH_CVuZxqNg,예선전 이하이 한숨 현직 모델 외모 몸매 가창력까지 존예 참가자 #이하이 #한숨 #이하이한숨
hphZXquU79w,[THAISUB] 이하이 (LeeHi) - ONLY #ซับสมบัติ
ww7bB9crm0g,ONLY - 이하이 LeeHi 남자커버 male version .cover by chunny
8djvG1rZdLM,정해인[폴김의 너를만나] & 김고은[이하이의 한숨] ㅣ KBS방송
P7LyolgfJ2o,"누구 없소 No One - 이하이 Lee Hi 「Guitar Cover」 기타 커버, 코드, 타브 악보"
30uo2_lzeQE,[TJ노래방 / 남자키] 그한마디 - 이하이 / TJ Karaoke
rhRNAe_pshc,이하이 (LeeHi) - '빨간 립스틱 (Red Lipstick) (Feat. 윤미래)' MV Reaction | Lady Rei
-laGMbxuJvk,"이하이- 한숨 [경기도 DMZ 콘서트 다시, 평화] | KBS 210529 방송"
t-Oi_YabAgQ,LeeHi (이하이) - '빨간 립스틱 (Red Lipstick) (Feat. 윤미래)' Bass Cover / 베이스 커버
oqGwWE_i-QE,LEE HI (이하이)- H.S.K.T (머리어깨무릎발) (Feat. WONSTEIN 원슈타인) Sub Español
5L4OdFMqEfE,이하이 (LeeHi) - '빨간 립스틱 (Red Lipstick) (Feat. 윤미래)' (Yoon Mi Rae) Challenge
XE3ewVAY324,"[PLAYLIST] 소울충만 AOMG 그녀들｜이하이, Hoody (후디), sogumm, DeVita｜Stone Music PLAYLIST"
17WCei0GKZY,홀로(HOLO) 이하이(LEEHI) Free Instrument 무료 MR
OLtZ0nhro9A,이하이  한숨   16.03.17
uP_v622lCQw,(이하이) LeeHi- ONLY (Audio)
rOwSARhXLy4,이하이 (LeeHi) - '구원자 (Savior) (Feat. B.I)' Official MV | NSD REACTION
UVsGJ1W5XU4,B.I (비아이) - 긴 꿈 (Feat. 이하이) [가사] [WATERFALL]
F3UcpWBVRVg,이하이 (LeeHi) - ONLY [1 시간] [1 HOUR MUSIC]
GPpoMJjjIL0,"[𝙥𝙡𝙖𝙮𝙡𝙞𝙨𝙩] 비아이&이하이 듀엣곡 모음 || B.I&LEE HI || Day Dream, 누구 없소, 구원자"
SMwx5S_pE4E,"[중국종목] 하이디라오/이하이국제 주가 추락 지속 원인(2021년6월 중국현지 기사, 분위기 파악)"
lkcmezTVNTM,[TJ노래방 / 멜로디제거] 그한마디 - 이하이 / TJ Karaoke
GQqyCeKf8rw,LEE HI - '누구 없소 (NO ONE) (Feat. B.I of iKON)' M/V
U84yIlRScOI,Only - 이하이 LeeHi (cover)
xZxPvvjv14A,(이하이) Lee Hi - ONLY ~ Slowed & Reverb ✨
9fSe2F5WsW8,Leehi(이하이) - only cover
RA4NjPNbuKc,[INST] 이하이 - 빨간 립스틱 (Feat. 윤미래)
69lwti9bDY8,이하이 x 립제이 & 모니카 #빨간립스틱 #shorts
Z6bc_oJwIUs,X (Feat. LEE HI)
EhkZZ03qF88,이하이&이수현 나는달라   14.11.20
FgrTOhq089k,이하이 - 그 한마디 (바른연애 길잡이 X LeeHi) Cover By - 오늘하나
7-lGJiQJmKk,Reacting to 이하이 (LeeHi) - '머리어깨무릎발 (H.S.K.T.) (Feat. 원슈타인)' Official MV  | Hallyu Doing
TTSisGdH0IE,이하이 (LeeHi) - '빨간 립스틱 (Red Lipstick) (Feat. 윤미래)'_ #빨간립스틱 #Shorts
deWxcIfSk24,"나의 타마코, 나의 숙희 : 이하이 - '구원자 (Savior) (Feat. B.I)' MV [아가씨]"
Zxi05ZMtHh8,"Bittersweet(Feat.이하이(LeeHi)) - 원우,민규(세븐틴)(WONWOO X MINGYU(SEVENTEEN)) (KY.28474) / KY Karaoke"
K6S4j75w5wQ,이하이 메이크업 담당쌤이 알려주는 유희열의 스케치북에 나왔던 이하이 메이크업 방법!
DWbEg4dqg14,Lee Hi (이하이) - Only (Easy Lyrics)
1YTj9n7WKWQ,떡잎 다른 이하이 ~~ #shorts
ws1IeHO4c3U,이하이 X 웻보이 #빨간립스틱 #shorts
xAnzihKjhXg,이하이 - Rose 남자커버
zjraDj1bHis,이하이 (LeeHi) - 빨간 립스틱💋 ( Red Lipstick )  Kpop Dance Cover TikTok Video
fxf4WYixP18,이하이 빨간립스틱 💋💄
QL9ukEFaI9o,LEE HI (이하이)-Darling Sub Español
rasIMSpRLBQ,2021 1학기 버스킹_홀로(이하이)
4vzgVyDDNOo,이하이 - 구원자 (Feat. B.I) | Guitar Cover | 통기타 커버
0U0ZyABzt6c,키즈댄스ㅣCrush (크러쉬) - ‘Tip Toe (with 이하이)'ㅣkids classㅣ인천 댄스학원 조이댄스
JvLNJOwOFm4,이하이 x 수현 & 미노이 #빨간립스틱 #shorts
B9iL2uY1NWY,LeeHi (이하이) - '구원자 (Savior) (Feat. B.I 해변)' Official MV [Colour Coded Lyrics Eng]
dgzNFZehrT4,그레이 (GRAY) - Party For The Night (Feat. 로꼬 & 이하이) [grayground.]
wtYyjHOWWGo,MAS COVER STUDIO #1 원곡: 한숨(이하이) -  COVER: 이규라
tWuK_fvkN04,왔다네 왔다네 이하이가 왔다네.zip | Hi is here~
wPmMZ6S-1c8,[FMV] 이하이 (LEE HI) - 홀로 (HOLO) COVER BY ADEL - KPOP MULTIFANDOM
tSbfy5K0HWM,"Lee Hi (이하이)- 'My Love (내 사랑)' (Scarlet Heart: Ryeo OST, Part 10) [Han|Rom|Eng lyrics]"
4ssdOQR9kXM,Lee Hi 'Breathe' (이하이 '한숨') color coded lyric han/rom/eng
SPn4MefWvnU,빨간 립스틱-이하이
f6pYYvXBCUY,이하이-Rose(2013년히트곡)(piano)
mtzAicbUI6U,[TJ노래방] 구원자 - 이하이(Feat.B.I) / TJ Karaoke
0J3YO7SIlD0,Daydream (feat. LeeHi) (긴 꿈 (feat. 이하이))
78qGJZEhDdw,[TJ노래방] 빨간립스틱 - 이하이(Feat.T(윤미래)) / TJ Karaoke
a2eSC3ojjNk,LEE HI (이하이) - HOLO (홀로) Easy Lyrics
293Mw7Ri1fY,이하이 (LeeHi) - Red Lipstick (빨간립스틱) | Kpop 커버댄스 DANCE COVER | 안무 거울모드 MIRROR MODE
_nL5_QLwgFQ,Lee Hi (이하이) – Breathe (한숨) Easy Lyrics
vxCqDLZZV5Y,[TJ노래방 / 남자키] ONLY - 이하이 / TJ Karaoke
TPrTW_l2BJI,LeeHi (이하이)- 'Savior (구원자) (Feat. B.I)' [Instrumental]
PqhlfrdMFJg,"IZ*ONE, 로꼬, 이하이, 새소년 총 출동! W온택트콘서트 집에서 듣는 LIVE - 아이즈원, LOCO, LEE HI, SE SO NEON [ENG SUB] by W Korea"
GqzSwT4fQQY,Lee Hi (이하이) - 'HOLO (홀로)' MV Reaction
TGUGUhLq5Zw,LeeHi (이하이) ONLY Easy Lyrics
n0xDtePDlZU,이하이 (LeeHi) - 'For You (Feat. Crush)' REACTION 🇦🇺
e1StpMKKLqE,Rose - 이하이🌹(cover by eyol)
8EYy2HnIoSo,Lee Hi (이하이) - Red Lipstick (Ft. Yoonmirae) (1 Hour Loop) Lyrics | 1시간
JePZnw0UvGQ,"[무료비트] 아련하고 세련되게 부르면 좋은 알앤비비트 ""Depression"" 이하이 x 소마 x 비비 타입비트"
7hx2XmW_Zg4,이하이 (LeeHi) - '빨간 립스틱 (Red Lipstick) (Feat. 윤미래)' (Yoon Mi Rae) Challenge
sRznxDJe6sw,이하이 (LeeHi) - '구원자 (Savior) (Feat. B.I)' | REACTION | friendship goaaaaals
v64RzcdA-ag,Only - Lee Hi ( 이하이 ) cover
8xSjTK-yddU,[어쿠스틱 MR] LeeHi (이하이) 'SAVIOR' (구원자) Acoustic Instrumentalㅣ기타ㅣlyricsㅣ악보ㅣinstㅣ커버
KcWK7GUWxlo,"Raiden X Chanyeol (찬열) - Yours (Feat. Lee Hi 이하이, Changmo 창모) Easy Lyrics"
dSsnpD_YdLs,이하이(LEE HI) - ONLY (male cover)
clQ436egt7c,이하이 x 오마이걸 아린 #빨간립스틱 #shorts
5m0m7AIotms,LeeHi (이하이) - What Is Love? (어려워) [Audio]
dOtRm_cYjsM,[어쿠스틱 편곡] LeeHi (이하이) 'ONLY' 기타ㅣ커버ㅣ악보ㅣ코드ㅣinstㅣacoustic
ZqA-hozTZOU,이하이 (LeeHi) - 머리어깨무릎발 (H.S.K.T) ft. Wonstein [1 시간 / 1 HOUR LOOP] [1 HOUR MUSIC]
aFaBPb79hQk,LeeHi 이하이 - ONLY | Karaoke Piano by Fadli
nK8TzT_ozv4,[어쿠스틱 편곡] LeeHi (이하이) 'SAVIOR' (구원자) 기타ㅣ커버ㅣ악보ㅣ코드ㅣinstㅣacoustic
GENLPKbBuOI,이하이(Leehi) - 빨간 립스틱(Red Lipstick)(Feat. 윤미래) 노래방 커버(cover)
eQ8NyCp2zl0,[Reaction] 이하이 (LeeHi) - '구원자 (Savior) (Feat. B.I)' Official MV
b_RxeWh8nx0,이하이 X 프라우드먼 #빨간립스틱 #shorts
kXUo589Cyk4,[THAISUB] 이하이 (LeeHi) - '구원자 (Savior) (Feat. B.I) #ซับสมบัติ
CsDnK6jiJds,LEEHI (이하이) • ONLY | INDONESIA COVER
K9783l2s0N8,이하이 X STAYC (아이사 ISA / 세은 SEEUN) #빨간립스틱 #shorts
M2Ljx3TkBSY,Lee Hi (이하이) - 4 ONLY [FULL A L B U M]
osPyVxkflfo,[ENG ll THAI SUB] LeeHi(이하이) Feat. Wonstein - 머리어깨무릎발 (H.S.K.T.)
j8saX9PSxL4,LEE HI 이하이 ‘ONLY’ (COVER BY DODO 도도)
nBzjxRG7JRY,이하이💋빨간립스틱💄 챌린지  #shorts @춤선생SIMBA
gVKmaoz81OA,"이하이+수현 _ ""나는 달라"" [ 악동뮤지션 수현의 볼륨을 높여요]"
rpBkL07qyxY,[COVER] 이하이(Lee Hi) - Only cover by Aniez
idotwWOSH_E,이하이 (Lee Hi) - 몸매(Mommae) (Choreography. 리안)
rPIfrwCHtXA,[MPD직캠] 이하이 직캠 4K '빨간 립스틱 (Red Lipstick)' (LeeHi FanCam) | @MCOUNTDOWN_2021.9.9
q3bcjMrjpd4,SUZY X Y CLASS CHOREOGRAPHY VIDEO / 이하이(LEE HI) PART - AUTOMATIC REMIX
T6s3_FiNnjw,[1 HOUR] (이하이) Lee Hi - ONLY ~ Slowed & Reverb ✨
Z7RVzrT_NbA,내 사랑
e-BbXOx8f5w,우리들의 행복한 시간
GTQhC7_1XqQ,"협녀, 칼의 기억"
DU2wLG74uHY,더박스
Z18rFUQTQUI,이하이 (LeeHi) 'ONLY' Lyrics
q5X35SaK8xI,상민테레비 빨간립스틱 챌린지 #틱톡 #빨간립스틱 #이하이
